"Variable","Limite_Inferior","Limite_Superior","N_Outliers","Porcentaje_Outliers"
"age",13,21,1,0.253164556962025
"Medu",-1,7,0,0
"Fedu",0.5,4.5,2,0.506329113924051
"studytime",-0.5,3.5,27,6.83544303797468
"failures",0,0,83,21.0126582278481
"absences",-12,20,15,3.79746835443038
"famrel",2.5,6.5,26,6.58227848101266
"freetime",1.5,5.5,19,4.81012658227848
"goout",-1,7,0,0
"Dalc",-0.5,3.5,18,4.55696202531646
"Walc",-2,6,0,0
"health",0,8,0,0
